problem,reasoning,program
scheduling,Use QF_UF and QF_LIA axioms to prove that a valid schedule can be constructed from a given set of jobs with different durations.,"use set-logic QF_UF;\nuse set-logic QF_LIA;\ndeclare const job_durations (\n  var duration : integer;\n  for i in range (0, 100) :\n    assert (job_durations[i] <= i);\n  endfor);"
Satisfying the linear programming relaxation of the knapsack problem,Using QF_UF with an interval representation to solve this linear program,"\[\fbox{1. \# Define variables x1, x2, ..., xn as real numbers \n \[\bf{begin} \n \bf{begin} \n \bf{x} = [x1, x2, ..., xn] \n \bf{end} \n \bf{end} \n \bf{begin} \n \bf{for} i from 1 to n \n \bf{where} \n |xi - xi+1| < 1 \n \bf{end} \n \bf{begin} \n \bf{for} i from 2 to n \n \bf{where} \n |x1i - x1(i-1)| < 0.5 \n \bf{and} \n xi+1 - x1i > 0 \n \bf{end} \n \bf{begin} \n \bf{for} i from n+1 to m \n \bf{where} \n |x1i - x1(i-1)| < 1 \n \bf{and} \n xi+1 - x1i > 0.5 \n \bf{end} \n \bf{begin} \n \bf{for} i from m+1 to n \n \bf{where} \n |x2i - x2(i-1)| < 1 \n \bf{and} \n xi+1 - x2i > 0.5 \n \bf{end} \n \bf{begin} \n \bf{for} i from n+1 to m \n \bf{where} \n |x3i - x3(i-1)| < 1 \n \bf{and} \n xi+1 - x3i > 0.5 \n \bf{end} \n \bf{begin} \n \bf{for} i from m+1 to n \n \bf{where} \n |x4i - x4(i-1)| < 1 \n \bf{and} \n xi+1 - x4i > 0.5 \n \bf{end} \n \bf{begin} \n \bf{for} i from n+1 to m \n |xi + (xi+1)/2 <= x1i \n \n for i from 1 to m \n xi - (xi+1)/2 >= xi1i \n \n end \n \\n SMT-LIB code here"
Scheduling Problem: Maximize Job Completion Time,"Use the max-flow, min-cut theorem to solve this problem.",declare var x int; declare var y bool;\n\n(declare-const F UF)\n(declare-const C INT)[\n    (set-logic QF_UF)\n](assert \n  (sum x = sum y -> <= x + y)\n  (check-sat)\n)
Scheduling Problem,Integer linear programming to optimize task allocation on a machine with multiple processing units.,\begin{pmatrix} QF_UF \ QLIA \\n  declare-const machine m : unit; \n  declare-const task t1 : task; \n  declare-const task t2 : task; \n  declare-const unit u : unit; \n  assert (t1 = 0) \n  assert (t2 = 0) \n  check-sat
Scheduling Problem: Minimize Latency,Use QF_UF to model scheduling as a set of tasks with durations and precedence constraints.,satisfy '(set-logic QF_UF)\n(declare-const duration int)\n\n(assert (>= 0 duration)\n(check-sat)
Scheduling Problem,Use QF_UF with bounds to model scheduling constraints.,\begin{qf uf} (set-logic QF_UF) (declare-const \n num\n days: int) (declare-const \n time\n hours: real) (declare-const \n day\n weekends: bool) (assert (>= 1 (num * hours)) \n (<= 365 (num * days))) (check-sat)
scheduling,# Use QF_UF and QF_LIA rules with simple integer constraints to model the scheduling problem. The SMT-LIB program should include the following constraints: # A must be executed by processor C1 P_A <= P_C1 * 2; # Assign tasks to processors based on their capabilities # B must be executed by processor C2 P_B <= P_C2 * 3; # Assign tasks to processors based on their capabilities # Check if the assignment satisfies all constraints,# SMT-LIB code\n# Define the process types\nset-logic QF_UF\nset-logic QF_LIA\n# Declare the processes and their capabilities\ndeclare-const P_A : process (input : integer) -> integer;\ndeclare-const P_B : process (input : integer) -> integer;\nassert P_A >= 0; # A must be non-negative\nassert P_B >= 0; # B must be non-negative\n# Declare the processors and their capacities\ndeclare-const P_C1 : processor (capacity : integer) -> boolean;\ndeclare-const P_C2 : processor (capacity : integer) -> boolean;\nassert P_C1 >= 2; # C1 must have at least two processes\nassert P_C2 >= 3; # C2 must have at least three processes
"Satisfies the linear programming relaxation of the flow network of scheduling problem with three nodes and four edges, where each edge has two capacities.",This problem can be solved using the flow network solver of SMT-LIB.,"int n = 3; int m = 4; int flow1[2], flow2[2]; assert (flow1[0] + flow1[1] <= 2 && flow2[0] + flow2[1] <= 2);"
Scheduling Problem,Construct a scheduling problem with two tasks that cannot be scheduled together.,"\n\ndeclare-const x \""Task A\""; \ndeclare-const y \""Task B\"";\nassert (x <> y);\ncheck-sat"
scheduling: max-work-hours,"assert (set-logic QF_UF) and (declare-const hours 1: integer) and (declare-const total_hours 0: integer) and (assert (=, total_hours, sumhours(hours))) and (check-sat)","(set-logic QF_UF)\n(integers 0..100: total-hours)\n(assert (=, total-hours, sumhours(1)))\n(check-sat)"
Scheduling Problem,Use QF_UF or QF_LIA with simple integer and boolean constraints to model a scheduling algorithm that assigns jobs to machines based on their processing time and machine capacity.,"\n\n\n\nset-logic QF_UF\n\n\n\ndeclare-const \n\n\n\nJob {id < 1, id > 0, start_time < 0, end_time > 0}\n\n\n\ndeclare-const \n\n\n\nMachine {id < 1, capacity < 10, idle_capacity >= 0}\n\n\n\nassert \n\n\n\nforall Job j (j-> Machine M exists where M.id = j.id and M.capacity > 0) \\n\n\n\ncheck-sat"
Scheduling Problem: Maximize Production with Fewest Machines,Use logical constraints to maximize production while minimizing machine usage.,"int x, y; (set-logic QF_UF) (declare-const S true (<= 0 <= x)) (declare-const T false (<= 1 <= y)); (assert (not (and (not (T = F) (S = 2)) (not (T = F) (S = 3))))); (check-sat)"
Scheduling Problem,Use QF_UF with integer variables,int x \n var y \n assert x + y = 1; check-sat
Scheduling Problem,Use QF_UF to solve this scheduling problem.,(set-logic QF_UF)
\(\setoflucore uf) \+ (\declareconst i32 x 10),\(\checksat (\assert true) \| (\checksat false)),\sMT\2a5\n
Scheduling Problem,Use QF_UF to model scheduling as a maximization problem.,"\uqf-\ uf \ndeclare-const \nmax:bool \nbudget:integer; \n\n\n\nfor \n i \nbegins \nfrom \ngreates-to \nfor \nrays \nsat:bool \nlower-bound:integer \n\n\n\nassert \n( \ngreates-to( \n0, 10) <= \nmax) \n\n\n\ncheck-sat; \n"
"{'type': 'scheduling', 'domain': 'transportation'}","{'type': 'explanation', 'domain': 'scheduling'}",set-logic QF_UF\nset-symbols-and-variables x y z\nassert (x > 0)\ndeclare-variable x int\ncheck-sat
Scheduling Problem,Check if this scheduling problem is solvable in practice.,"model (set-logic QF_UF ; declare-variable x 1 ; declare-variable y 2 ; assert less(x,y) <= 10 ; check-sat)"
Satisfying a scheduling problem,"{'approach': 'brute-force', 'search': 'depth-first'}",declare-variable x int; declare-variable y bool;\nset-logic QF_UF\nassert y = true;\ncheck-sat
\(declare-const x 0: Int\); (set-logic QF_UF)\n(declare-const y 1: Boolean; (assert \(x = true; \))\n(check-sat),Using the properties of equality and union to derive new constraints,scheduling.smtlib
Scheduling Problem,Use QF_LIA and set-logic QF_UF to generate constraints.,scheduling_model.msp
Scheduling problem to minimize make times and meet deadlines,Use QF_UF and QF_LIA rules to analyze constraints on machine times and resource utilization.,declare-const machine-times (set-logic QF_UF)\n\nassert \n  (machine-time < 0)\n  (machine-time > 0)\n  (resource-utilization = true)
Scheduling Problem,Use QF_UF and QF_LIA to enforce valid scheduling rules,scheduling_problem.smtlib
Scheduling Problem,Use QF_UF with linear constraints to model a scheduling problem where tasks are assigned to time slots and their start times must be within a certain range.,"(set-logic QF_UF\n  (declare-const T: int)\n  (declare-const S: int, < 10)\n  (assert (< T 5)\n   <= (S 8)))"
Scheduling Problem,"Given a set of tasks with start and finish times, determine the optimal scheduling order to minimize total wait time.",(set-logic QF_UF\n (declare-const T1 int)\n (declare-const T2 int)\n (declare-const T3 int)\n (declare-const T4 int)\n (assert (>= T1 0))\n (assert (<= T2 T1)\n (assert (>= T3 0))\n (assert (<= T4 T2 + T3)))\n (check-sat)
Scheduling Problem,Use QF_UF and QF_LIA to model the scheduling of tasks on a shared resource.,declare-const \n  task0 : task;\n  task1 : task;\n  shared_resource : resource;\n\nassert \n  \n  (set-logic QF_UF)\n  (set-logic QF_LIA)\n\ncheck-sat
Scheduling Problem,Use QF_UF and QF_LIA SMT-LIB rules to derive a valid scheduling plan.,int x[]; (set-logic QF_UF)\n\ndeclare-const y int; (assert z >= 0)\n\ndeclare-const w int;\n\n(check-sat)
Scheduling Problem,Use QF_UF and QF_LIA rules to generate valid constraints,"\n(\n  \nfloor(\n    \nbounds: int, \n    \nbounds: int \n  )\n(\n    \ndomain: \n      \n      \nbounds: bool \n  )\n(\n    \n    \ncoordinates: \n      \ndomain: \n        \n          \nbounds: bool \n  )\n(\n    \ndeclarations: \n      \nfloor, \nbounds, \ncoordinates \n  )\n(\n    \n    \n    \n    \n    \n    \n    \n    \n    \n    \n    \n    \n    \n    \n    \n    \n    \n    \n    \n    \n    \n    \n    \n    \n    \n    \n\n(\n  \ndemand: \nfloor + floor * \nbounds + ncoordinated * \nbounds \n  )\n(\n    \n    \n    \n    \n    \n    \n    \n    \n    \n    \n    \n    \n    \n    \n  )\n(\n    \n    \n    \n    \n    \n    \n    \n    \n    \n    \n    \n    \n    \n    \n  )\n(\n    \n    \n    \n    \n    \n    \n    \n    \n    \n    \n    \n    \n  )\n"
Scheduling Problem: Minimize Latency,Use QF_LIA and set-logic QF_UF to ensure validity and correctness.,set-logic QF_UF \n\ndeclare-const INF  : int  0;\n\nassert \n  INF = 0;
Scheduling Problem: Find an assignment that satisfies all constraints,"Using QF_UF and QF_LIA, derive valid integer constraints to satisfy the scheduling problem.",(set-logic QF_UF\n  (declare-const X0 int)\n  (assert (<= X0 5)\n    (set-variable X0 1)\n    (set-variable Y0 1)\n  ))\n  (set-logic QF_LIA\n   (declare-const Z0 bool)\n   (assert (Z0 <= true)\n    (set-constraint Z0 Z0)\n  ))
Scheduling Problem: Maximum Number of Tasks with No Overlapping Constraints,Use QF_UF and QF_LIA rules to model task constraints and find the optimal schedule.,\n\n\n(\n  \n    (set-logic QF_UF)\n  \n  (declare-const TASK_ID int)\n  (declare-const END_TIME int)\n\n  \n  (assert (<= TASK_ID 5))\n  (assert (>= END_TIME 0))\n  (assert (not (or (>= END_TIME TASK_ID) (>= TASK_ID END_TIME)))\n  \n  (check-sat)
Scheduling Problem,Use QF_LIA to reason about scheduling constraints.,\n\n\n%declare-const \n\n	x \n\n\n%assert \n\n	\n	(x > 0) && (y > 0);\n\n\n%check-sat;\n
Scheduling Problem: Maximize the number of customers served while minimizing idle time,"Use QF_UF and QF_LIA rules to model the scheduling problem, including constraints on customer arrival and departure times, as well as idle time.",declare-const	max_customers : integer;\ndeclare-const	min_idle_time : real;\nassert\ntime_of_arrival(arrival_time : timestamp) >= 0;\nassert\ntime_of_arrival(arrival_time : timestamp) <= min_idle_time + max_customers * 60;\ncheck-sat
Scheduling Problem: Find an optimal assignment of jobs to machines in a factory,"Use QF_UF and QF_LIA rules to solve this scheduling problem, ensuring that all constraints are satisfied exactly.","declare-const N : int; declare-const J : int list; declare-const M : int list; assert (N = 5); for (J from 1 to N) { let i : int; for (M from 1 to N) { set (i, min (j, M)); }; assert (all (min (J, i) <= j for all i in M)); } check-sat;"
Scheduling Problem,"Given two tasks with deadlines d1 and d2, find the earliest possible completion time T such that both tasks are completed within their deadlines.",(set-logic QF_UF\n  (declare-const t1 int\n   >= 0)\n  (declare-const t2 int\n   >= 0)\n  (assert (t1 + t2 = d1 + d2))\n  (check-sat)
Scheduling Problem,Use QF_UF and QF_LIA rules to solve the scheduling problem.,\nset-logic QF_UF\n\nset-logic QF_LIA\n\ndeclare-const x : bool\n\nassert z >= 2 && z <= 5\n\ncheck-sat
(set-logic QF_UF  (declare-const x int)  (declare-const y int)  (assert (>= x 0)    (<= y 10) ),This is a problem that will be solved using SMT-LIB.,\u{0009}\u{0010}\u{0024}\u{0074}SMT-LIB code here
Scheduling Problem,Formally specify scheduling constraints using QF_UF and QF_LIA.,int x;\nset-logic QF_UF;\ndeclare-const max_capacity: int >= 0;\nassert max_capacity <= x;\ncheck-sat
Satisfying the parity of three signals in a 3D system,Use QF_UF with equality constraints and set-logic QF_LIA to enforce non-increasing order.,declare-variable(x 0)\ndeclare-variable(y 1)\ndeclare-variable(z 2);\nassert( x >= y && y <= z );\n\nset-logic QF_UF;\nassert( (x == y) || (y == z) )\n\nset-logic QF_LIA;\nassert( (x != 0 || y != 1) && (x != 2 || y != 3) );
"Satisfy the following scheduling constraint: Minimize make_time(1, 2) + make_time(3, 4)","Use QF_UF and QF_LIA constraints to ensure that make_time(1, 2) <= make_time(3, 4).",set-logic QF_UF\nset-logic QF_LIA\ndeclare-const make_time_1: int\ndeclare-const make_time_2: int\nassert (make_time_1 <= make_time_2)
Scheduling Problem,Use QF_UF and QF_LIA clauses to ensure valid scheduling.,scheduling\n  \n    :satisfy\n      (set-logic QF_UF)\n      (declare-const r0 :integer)\n      (declare-const r1 :integer)\n      (assert\n        (>= r0 5)\n        (<= r0 15))\n      (assert\n        (>= r1 3)\n        (<= r1 10))\n      (check-sat)
Scheduling Problem,Use QF_UF and QF_LIA to prove the satisfiability of the scheduling problem.,set-logic (qf uf);\ndeclare-const x1 : int; declare-const y1 : bool;\nassert z1 <= x1;\ncheck-sat
Scheduling Problem,Use QF_UF and QF_LIA clauses to model the scheduling of tasks on a single processor.,(set-logic QF_UF)\n(define-unfactored-unit (task1 task2))\n(assert (not (equal (sum-of-sizes task1) 0)))\n(check-sat)
Satisfying a scheduling conflict on multiple servers,"Using QF_UF and QF_LIA to ensure tight coupling between tasks and servers, while respecting resource constraints.",\n\n\n# SMT-LIB code here
Scheduling Problem: Resource Allocation,Use QF_UF and QF_LIA constraints to model resource allocation in a scheduling problem.,set-logic QF_UF\ndeclare-const r1 <integer>\ndeclare-const r2 <integer>\nassert s1 <= s2:\ncheck-sat
Scheduling Problem,Use QF_UF to define sets of variables and use QF_LIA to check consistency.,\( \( \set-logic QF_UF \) \| \( \set-logic QF_LIA \) \) \( \declare-const x : int \( \declare-const y : bool \( \assert (x > 0 \( \forall z : int \( \exists w : bool \( \forall v : int \( \forall u : bool \( \forall t : int \( \forall s : int \( \forall p : int \( \forall q : int \( \forall r : int \( \forall o : int \( \forall n : int \( \forall m : int \( \forall k : int \( \forall l : int \( \forall i : int \( \forall j : int \( \forall h : int \( \forall g : int \( \forall f : bool \( \forall e : int \( \forall d : int \( \forall c : int \( \forall b : int \( \forall a : bool \( \forall y : bool \( \forall x : bool \) \( \check-sat \)) \) \)
Scheduling Problem: Maximize Productivity with Limited Time,This problem can be solved using QF_UF and QF_LIA constraints to ensure that the production of products does not exceed the available time.,declare-const TIME-hours : int; declare-const PRODUCT-products : int; declare-const WORK-HOURS-hours : int; assert (not (TIME-hours > 0)); check-sat
Scheduling Problem,"{'constraints': ['(set-logic QF_UF)', '(declare-const X 1)', '(declare-const Y 2)', '(assert (<= X 10))'], 'clauses': ['(check-sat)']}",scheduling_problems.mps
Scheduling problem with no conflicts,Use QF_LIA to model this scheduling problem without conflicts.,(set-logic QF_UF)\n  (declare-const x  Int)\n  assert (<= 0 x)
Scheduling Problem,Use QF_UF and QF_LIA constraints to model a simple scheduling problem.,\((set-logic QF_UF \n\n(declare-const X integer) \n(declare-const Y boolean)) \n(declare-const Z integer \n(declare-const A boolean) \n(assert (<= X 5) \n(<= Y 3) \n(check-sat)) \n)
Scheduling Problem,This problem uses QF_UF and QF_LIA formulas to model a real-time system.,set-logic QF_UF;\nset-logic QF_LIA;\ndeclare-const clock : nat;\ndeclare-const deadline : nat;\nassert (clock <= deadline);\ncheck-sat
Scheduling Problem,"Use QF_UF and check-sat to prove the validity of the program, which asserts that there exists an integer solution to the scheduling problem.",\begin{qfUF}\n  \setoflogic(QF_UF)\n  \declare-const x:integer\n  \assert (1 <= x)\n  \check-sat
Scheduling Problem,"{'constraint_type': 'integer_lower_bound', 'variables': ['x', 'y'], 'constraints': ['(set-logic QF_UF)', '(declare-const x int)', '(declare-const y int)', '(assert (>= x 0))', '(assert (<= y 10))']}",\u03b7\u0301f5{\u000c}\u0014\u01d9\u02a0i\u0038\u0018\u0044\u00ba\u002a\u0026i\u005b\u005d\u006e2f\u0070\u0065\u006c\u005d\u0001\u01d9\u002a\u002c\u0018i\u005b\u005d
Scheduling Problem,Integer Constraints,declare const INF 10; declare const MAX 100; assert INF >= 0 && INF <= MAX;
Satisfying the following linear programming relaxation of the 8-hour workday problem with additional constraints,"Using QF_UF and QF_LIA, derive the solution to a system of linear equations representing the 8-hour workday problem, where employees are only allowed to work up to 40 hours per week.",\u5f20\u6b22\u751f\u533a\u5e02\u4eba\u65e0\u516c: \x3ad\u8fd\u7ed9\u6771\u98df\u63d0\u5e74\u5bd6\u7684\u8fdd\u516c
Scheduling Problem,Use QF_UF and QF_LIA rules to prove validity,scheduling_problem.smtlib
Scheduling Problem: Two Processors with Limited Resources,Use QF_UF and QF_LIA rules to prove that at least one processor must be idle after processing two tasks of equal size.,\n\n\n(\n  \n    (set-logic QF_UF)\n  \n  (declare-const \n    x : integer)\n  \n  (assert (<= x 2))\n  \n  (set-logic QF_LIA)\n  \n  (declare-const y : integer)\n  \n  (assert (<= y 2))\n  \n  (declare-const z : integer)\n  \n  (assert (>= x + y <= 4))\n  \n  (check-sat)
Scheduling Problem: Maximize Customer Satisfaction,Use QF_UF or QF_LIA to generate a valid model and check its satisfiability.,\begin{QF_UF}(\setlogic QF_UF\n\n\n\nassert \n\n\n\ncheck-sat)\n\end{QF_UF}
Scheduling Problem,Formulate a valid schedule that satisfies all constraints and meets the deadline.,use QF_LIA;\n\nset-logic QF_UF;\n\ndeclare const x : int; \n\ndeclare const y : bool;\n\nassert z = true;\n\ncheck-sat;
Scheduling Problem,"{'type': 'clausal', 'constraints': ['(set-logic QF_UF)', '(declare-const x Int)', '(declare-const y Bool)', '(assert (not (= x 0)))']}",int: int[1..10]; bool: bool[1..2]; - x; - y
Scheduling Problem,Use QF_UF and QF_LIA rules to model this scheduling problem.,declare const x = integer; declare constant y = boolean;\n\nset-logic QF_UF;\nassert x <= 10;\nassert y <= 5;\ncheck-sat;
Find all valid solutions to the following system of linear equations with two variables.,Use QF_LIA and integer constraints to solve this system.,declare-const x : int; declare-const y : int;\nassert x + y = 1;\nassert x > 0 && y > 0;\ncheck-sat
Scheduling Problem,Use QF_UF and QF_LIA rules to ensure valid constraints.,int x; var y: bool; (set-logic QF_UF) assert (x > 0); (declare-const x Int) assert (y = true); (check-sat)
"scheduling: maximize {x, y} where x is the number of customers served in the first hour and y is the number of customers served in the last hour",The goal is to maximize the total number of customers served within a fixed time frame. This can be achieved by prioritizing customers based on their arrival times.,declare-const X < natural >; declare-const Y < natural >; (set-logic QF_UF) assert (x >= 0); assert (y >= 0); (assert (X <= x + y)); (check-sat)
Scheduling Problem,Use QF_UF and QF_LIA constraints to model a scheduling problem.,declare variable x #0\ndeclare variable y #1\ndeclare constraint z > 0\nassert x + y >= z\ncheck-sat
Scheduling Problem,"To solve the scheduling problem, we need to find an assignment of tasks to machines that satisfies all constraints.","\n\n\nset-logic QF_UF\n\n\ndeclare-const \n  machine1 : integer > 0 \n  machine2 : integer > 0 \n  task1 : string\n\n\nassert \n  (\n  set-of-machine-set (machine1) \n  machine2) = {1, 2}\n\n\ncheck-sat"
Scheduling Problem: Find the optimal assignment of tasks to machines,"Use QF_UF and QF_LIA constraints to enforce valid scheduling rules, and check for satisfiability using QBF or DPLL-SAT.",int var (x y z) [QF_UF | QF_LIA] : x + y <= z; -x - y > 0; x >= 1; y >= 1; z >= 1
Scheduling Problem,Use QF_UF or QF_LIA to represent the scheduling problem as a logic formula,int x\n( set-logic QF_UF \n  assert ( <x> = 5 )\n  check-sat)
Scheduling Problem,Use QF_UF with a valid set of logical constraints to model this scheduling problem.,(set-logic QF_UF\n (declare-const X : INT \n  x = 0)\n (declare-const Y : INT \n  y = 1)\n (assert (>= X Y)\n (assert (<= X 10))\n (check-sat))
Scheduling Problem: Minimize Total Delay,Use QF_UF and QF_LIA rules to model the scheduling problem.,define-solver (min-delay) \n \n (set-logic QF_UF) \n \n (declare-const delay-int >= 0) \n \n (assert less-than-or-equal-to (delay-int (+ i1 i2)) (delay-int (+ i3 i4))) \n \n (check-sat)
Scheduling Problem,Use QF_UF and QF_LIA solvers to reason about valid schedules.,\n\n( \n   set-logic QF_UF \n   \n  \n   declare-const \n     MAX_CAPACITY : INTEGER > 0 \n\n( \n   assert \n     ( \n       min-variables \n       ( \n         capacity = MAX_CAPACITY \n         capacity * (x + y) = capacity \n         x = true \n         y = false \n       ) \n\n     \n     \n   ) \n\n( \n   check-sat \n)
Satisfy the following scheduling constraint using QF_UF and basic arithmetic constraints.,Use the following set of rules to derive the solution: (set-logic QF_UF) (declare-const X < 10) (assert X > 0) (check-sat),"\u0001#off\n\u0002(int X: int \u002e {0,10})\n\u0003(bool Y: bool \u002e (X == 5))\n\u0004(int Z: int \u002e 0)\n\u0005(int A: int \u002e 5)"
Satisfying a scheduling constraint with multiple tasks and dependencies,Use QF_UF or QF_LIA to specify valid constraints on the variables,\n\n\n(\n  (set-logic QF_UF) \n  (declare-const T1 int) \n  (declare-const T2 bool) \n  (assert (not (T1 = 0))) \n  (check-sat)
Scheduling Problem: Two Processors with Limited Resources,Use QF_UF and QF_LIA constraints to model the scheduling of two processes with different resource requirements on both processors.,\((set-logic QF_UF \n\n(declare-const X : Integer \n  1000 \n  Y : Integer \n  500)) \n\n(declare-const P1 : Integer \n  800 \n  P2 : Integer \n  1200) \n\n(declare-const Q1 : Boolean \n  true) \n\n(assert (check-sat))
Scheduling Problem,Use QF_UF and QF_LIA constraints to ensure fairness in resource allocation.,\begin{qf uf}\n  \setof (declare-const x 0 : integer)\n  \setof (declare-const y 1 : integer)\n  \assert (x > 0)\n  \check-sat\n\end{qf}
"Given a set of jobs with deadlines and resource requirements, determine the optimal assignment of jobs to machines without violating any deadlines or resource constraints.",Use QF_UF and QF_LIA rules to model this scheduling problem as an optimization problem that can be solved using SMT-LIB. Include assertions for machine availability and job deadlines.,"# Define the set of jobs with their deadlines and resource requirements.\n\ndeclare-const job1: (\n    # Deadline in days\n    deadline1 = 3\n    # Resource required (in machines)\n    resources1 = [R1, R2]\n\ndeclare-const job2: (\n    # Deadline in days\n    deadline2 = 5\n    # Resource required (in machines)\n    resources2 = [R1, R3]\n)\n\n# Define the set of machines with their availability.\n\ndeclare-const machine1: (\n    # Availability (true if available, false otherwise)\n    availability1 = true\n\ndeclare-const machine2: (\n    # Availability (true if available, false otherwise)\n    availability2 = false\n)\n\n# Define the constraints for job assignment.\n\nassert job1.resources1 > 0:\n    \n    \n    # Ensure job 1 has at least one resource.\n    \n    \n    # Otherwise, raise an error.\n    \n    \n    \n    false\n\nassert job2.resources2 > 0:\n    \n    \n    # Ensure job 2 has at least one resource.\n    \n    \n    # Otherwise, raise an error.\n    \n    \n    \n    false"
Scheduling Problem: Minimize Makespan,"Given a set of tasks with start times and durations, find the order that minimizes the total makespan.",# SMT-LIB Code\n # Define variables for task start times and durations\n declare-const \n  t1 : integer;\n  t2 : integer;\n  t3 : integer;\n  d1 : real;\n  d2 : real;\n  d3 : real;\n  s1 : bool;\n  s2 : bool;\n  s3 : bool;
Satisfying an integer linear equation,(= (int x) ( (1 + 2)  = 3)),satisfy '(declare-const x int)\n (assert (= (add 1 2) 3))
scheduling_problem,derive_satisfiability_from_just_the_constraints,intervals \n\ncolors \n\ndates
Scheduling Problem,"(set-logic QF_UF)  define-variables   x: integer   y: boolean,   z: real  (assert (not (= x 0))) (assert (not (= y true))) (assert (= z 1.5))",SMT-LIB code here
Scheduling Problem,Use QF_UF to model resource allocation and satisfiability of constraints.,"int x, y \n (set-logic QF_UF) \n (declare-const S true) \n (assert x + y = S) \n (check-sat)"
Scheduling Problem: Find the minimum number of machines required to schedule tasks with maximum utilization,This problem can be solved using First-Order Logic (FOL) constraints in SMT-LIB. The goal is to find the optimal scheduling configuration that maximizes machine utilization.,\[\sout{set-logic QF_UF}\n\sout{declare-const machines int}\n\sout{declare-const tasks int}\n\sout{declare-const max-utilization int}\n\sout{declare-const utilization float}\n\sout{assert (max-utilization <= 1)}\n\sout{check-sat}\n#endif
Scheduling Problem,"{'type': 'Propositional Reasoning', 'reason': 'Using QF_UF with integer constraints and checking satisfiability'}",declare-interval (int a : [0..10])\n\nset-logic QF_UF\n\nassert (a = 5)\n\ncheck-sat
scheduling,Use QF_UF with set of variables and universal quantification to model a scheduling problem where tasks have start and end times.,"\begin{qfelisp}\define-const T (task {name, start_time, end_time}) \assert (forall x : T) (start_time <= end_time)"
Prove that there exists an integer x such that 2x + 3 = 5,Use QF_UF to add constraints and derive the desired result.,satisfy '#(set-logic QF_UF)\n(declare-const x int)\n(assert (2*x + 3 = 5))\n(check-sat)
Generate an exact solution for the following linear programming relaxation of the 5-hour delivery problem,"Use QF_UF and QF_LIA constraints to model integer variables representing hours worked by drivers, and use assert statements to enforce non-negativity.","\(set-logic QF_UF\) \(declare-const \(x_1: bool \, \(x_2: int \))\) \(assert (x_1 <= x_2)"
\(set-logic QF_UF \n\n(declare-const X true \n  \n  (assert Y = 1) \n  (assert Z < 5))\n,This is a valid SMT-LIB program that includes the necessary logic for model checking and satisfiability.,\(set-logic QF_UF \n\n(declare-const X true \n  \n  (assert Y = 1) \n  (assert Z < 5))
Scheduling Problem: Find optimal assignment of tasks to machines,"Use QF_UF and QF_LIA solvers with simple constraints, e.g., (set-logic QF_UF)   (declare-const machine <1..4>   (declare-const task <1..5>))   (assert (>= 0 (size of task)))",satisfyprop2 --intps 10 --dsat-solver qubo-poly
Scheduling Problem,Use QF_UF and QF_LIA rules to prove that it is NP-complete.,\begin{code}\n\n\n(\n  set-logic (qfnf)|\n  declare-const \n    x : integer;\n  assert (x = 0);\n  check-sat \n)\n\n(\n  set-logic (qlia)|\n  declare-const \n    y : boolean;\n  assert (y = true);\n  check-sat \n)\n\n
Scheduling Problem,Use QF_UF or QF_LIA to enforce valid scheduling constraints,declare-datatypes ((X:1|X:2));\n declare-const X.x <:= X.y | X.y <:= X.z;\n assert(xz);
Scheduling Problem,Use QF_UF or QF_LIA to model the scheduling problem,"\begin{qf uf}\n  \setoforeasoning(declare-const \(clock: i32) \(duration: i64)\n  \assert( duration >= 0 )\n  \declare-const \(start_time: i32, \(end_time: i32)\n  \check-sat\n  \end{qf uf}"
Scheduling Problem,Use QF_UF (set-logic) to specify constraints on the scheduling of tasks.,int x; int y;\n\n(declare-const x <= x && x >= 0)\n(declare-const y <= y && y >= 0);\n\n(assert (>= x + y));\n\n(check-sat)
Scheduling Problem: Find the optimal assignment of tasks to machines,Use QF_UF and QF_LIA constraints to reason about machine resource allocation.,\(set-logic QF_UF\) \(declare-const R1 : integer\) \(declare-const R2 : integer\) \(assert (R1 <= R2)\) \(check-sat\)
Scheduling Problem,Use QF_UF and QF_LIA to enforce precedence constraints on tasks,\(set-logic QF_UF\) \(declare-const P : INTEGER > 0\) \(declare-const N : INTEGER > 0\) \(assert (P + N = 1)\) \(check-sat\)
Scheduling Problem,Use QF_UF to model the scheduling of tasks with deadlines and resource constraints.,\s*# SMT-LIB code here\n\ndeclare-const task1 : int;\ndeclare-const deadline1 : int;\ndeclare-const task2 : int;\ndeclare-const deadline2 : int;\nmixin QF_UF;\nassert (task1 <= deadline1) && (task2 >= 0);\ncheck-sat;
Scheduling Problem,Use QF_UF and QF_LIA constraints to model this scheduling problem.,# SMT-LIB program\nuse QF_UF; use QF_LIA;\ndeclare-const time : int;\nassert (time <= 24 * 60); # time constraint
Scheduling Problem,Determine if it is possible to assign all tasks to employees within a given time frame.,\n\n\n\nset-logic QF_UF\n\n\n\ndeclare-const \n  T: int\n  E: bool[]\n\n\nassert \n  \n  all (T = 1 | T = 2) \\n\n\ncheck-sat
Satisfy the following scheduling constraints for a set of jobs with different durations and priorities,Use QF_UF or QF_LIA rules to model this problem. Ensure that the solution is exact and includes all necessary predicates.,declare-const job1dur : int; \n declare-const job2dur : int; \n declare-const job3prior : bool;\n (set-logic QF_UF)\n\n (assert (<= 0 job1dur) && (>= 0 job2dur) && (>= 0 job3prior));\n (declare-const job1time : int;\n declare-const job2time : int;\n declare-const job3time : int);\n (declare-const job1pri : bool;\n declare-const job2pri : bool;\n declare-const job3pri : bool);\n (assert ((job1prior && job2prior) || (!job1prior && !job2prior)));\n (check-sat)
Scheduling Problem,Use QF_UF and QF_LIA to model scheduling problems.,set-logic QF_UF\ndeclare-const time_int: int >= 0;\nassert (time_int + 1 > 0);\ncheck-sat
scheduling,"Given two employees, Alice and Bob, with different working hours, find the earliest possible overlap between their work schedules.",[\n  (set-logic QF_UF)\n  (declare-const alice_hrs int)\n  (declare-const bob_hrs int)\n  (assert not (alice_hrs > 0))\n  (assert not (bob_hrs > 0))\n  (assert (<= alice_hrs bob_hrs))\n  (check-sat)]
Scheduling Problem,Use QF_UF with valid constraints to solve this scheduling problem.,\n\n%set-logic QF_UF\n\n%set-const-int x 0\n\n%declare-const y 1\n\n%assert (x = 0)\n\n%check-sat
Scheduling Problem,Use QF_UF and QF_LIA rules to prove satisfiability.,(set-logic QF_UF)\n(declare-const X a real);\n(assert (X > 0));\n(check-sat)
Scheduling Problem,Use QF_LIA with additional constraints to prove the optimality of the scheduling algorithm.,\left\{ (set-logic QF_UF \n (declare-const X: int \n Y: int) \n (assert (forall z: bool \n (X <= z && Z <= Y) -> true)) \n (check-sat) \n )\n \)
Satisfying a scheduling constraint,Use QF_UF and QF_LIA constraints to model the problem,(set-logic QF_UF\n (declare-const E:INT)\n (assert E > 0))\n (set-logic QF_LIA)\n (declare-const T:BOOL)\n (assert T <= 5)
Scheduling: Minimize number of vehicles,Use QF_UF to ensure linear ordering and minimize vehicle combinations.,\n# SMT-LIB code\n\n(declare-const V1 Int)\n(declare-const V2 Int)\n(declare-const S Int)\n(assert (V1 = 0) (S = V1 + 1))\n(check-sat)
Modeling scheduling conflicts in a production line,"\n\n\n(\n  \n    \n    (\n      \n      \n      \n      \n      \n      \n      \n    ),\n\n  \n\n  (\n    \n    (\n      \n      \n      \n      \n      \n      \n      \n      \n      \n      \n      \n    )\n\n  \n)","\n\n\n(\n  \n    \n    (\n      \n        \n        \n          assert(\n            \n              true, \n            \n            \n            \n           ),\n\n          \n        )\n\n  \n\n  (\n    \n    (\n      \n      \n      \n      \n       \n    )\n\n  \n)"
Scheduling Problem,Using QF_UF and QF_LIA rules to reason about scheduling constraints.,declare-const num_jobs : integer; declare-const start_time : real; declare-const end_time : real; (set-logic QF_UF); (set-logic QF_LIA); (assert num_jobs >= 0 && num_jobs = int(start_time + end_time) - 1); (check-sat)
Scheduling Problem: Minimize Meet Times,Use QF_UF and QF_LIA constraints to express scheduling requirements,"\n\n(set-logic QF_UF)\n\n(declare-const m : integer)\n\n(assert (satisfies (<= 0, m)))\n\n(check-sat)"
Scheduling Problem,This problem requires the use of QF_UF and QF_LIA rules to reason about scheduling constraints.,\(set-logic QF_UF\) \(declare-const x : integers\) \(declare-const y : integers\) \(assert (x > 0 and y > 0)\) \(check-sat\)
Scheduling Problem,Use QF_UF or QF_LIA rules to model a scheduling problem with multiple tasks and resources.,\(set-logic QF_UF\) \n\n(declare-const SchedulingProblem instance of Scheduling)\n\n(declare-const Task i: integer)\n(declare-const Resource j: integer)\n(declare-const TaskManager k: integer)\n(declare-const Scheduler l: integer)\n(assert (forall (t1 t2 t3 t4 t5 : Task) \n (and (<= t1 0) (>= t1 T) \n (<= t2 0) (>= t2 S)) \n (and (<= t3 0) (>= t3 R) \n (<= t4 0) (>= t4 Q)))\n(assert (forall (t1 : Task) \n (<= T (sum-tasks t1))\n (forall (t2 : Task) \n (sum-tasks t2 <= S))))\n(check-sat)
Scheduling Problem,Using QF_UF and set-logic to model scheduling problems with multiple tasks and resource constraints.,\begin{align*} (set-logic QF_UF \ declare-const INF 0 : real) \ assert (satisfies (\setof (forall x : real) \ (x > 0)) \ check-sat); \ end{align*}
scheduling,Use QF_UF rules to model the scheduling of tasks with dependencies.,\n\n\n%require quasiforeigns\n%require satalias\n%\n%set-logic QF_UF\n%declare-const task1 int\n%declare-const dep1 bool\n%declare-const task2 int\n%declare-const dep2 bool\n%assert task1 = 0 \n&\n%& dep1 = true\n%& task2 = 0 \n&\n%check-sat
"Satisfy the following integer linear program: P = { x, y | x + y <= 5, x >= 0, y >= 0 }","Use QF_UF and QF_LIA constraints to ensure satisfiability, then check for valid solutions.","satisfy(int linear P := {x, y | x + y <= 5, x >= 0, y >= 0}); check-sat"
"Scheduling Problem: Given two tasks t1 and t2, assign task t1 to machine M1 and task t2 to machine M2 if both machines are not busy",Propositional Reasoner,declare-const M1 : integer >= 0; declare-const M2 : integer >= 0; declare-const busy : boolean;\nassert (M1 <= 100); assert (M2 <= 100);
scheduling:make-schedule,show that it is impossible to schedule two tasks with different start times and one task can be delayed by any amount of time without violating the constraints.,SMT-LIB code here
"{'solver': 'smt2', 'input': '\\{(\\x0 \\y -5) + (\\z + 10) <= 15; \\x1 = (\\x3 + 2) * (\\x4 - 3); \\z = 12; \\v = true; \\w = false;\\n\\(\\x0 < 0 \\n\\n(\\y - 5) * (\\z + 10) <= 15 \\n\\n(\\x1 = (\\x3 + 2) * (\\x4 - 3))\\n\\n(check-sat)'}","{'solver': 'smt2', 'input': '\\{(\\x0 \\y -5) + (\\z + 10) <= 15; \\x1 = (\\x3 + 2) * (\\x4 - 3); \\z = 12; \\v = true; \\w = false;\\n\\(\\x0 < 0 \\n\\n(\\y - 5) * (\\z + 10) <= 15 \\n\\n(\\x1 = (\\x3 + 2) * (\\x4 - 3))\\n\\n(check-sat)'}",smt2
Satisfying the constraint that all tasks in a scheduling problem have at least one feasible solution,"Use QF_UF and QF_LIA axioms to ensure feasibility, then use modus ponens and contradiction elimination to prove satisfiability.",(require (qf uf) ; declare-const task : nat; assert (task = <1..n>); check-sat
"Satisfy the following scheduling constraint: Two machines A and B are in the same task period, but machine B's execution time exceeds machine A's execution time.",Machine B's execution time must be less than or equal to machine A's execution time.,\n\n\n(\n  \n  (set-logic QF_UF)\n  \n  (declare-const period_1 integer)\n  (declare-const period_2 integer)\n  (assert (<= period_1 period_2))\n  (check-sat)
Scheduling Problem: Find the optimal assignment of tasks to machines in a factory,Use QF_UF or QF_LIA constraints and simple integer or boolean constraints to model the problem.,set-logic QF_UF \n\ndeclare-const m1 : Machine; \n\nassert \n    m1.id = 1 \n    m2.id = 2 \n\ncheck-sat
Satisfy the following system of linear equations with two variables x and y,"Use the QF_UF rule to introduce new variables, then use QF_LIA to eliminate them, and finally assert the truth of the resulting equation.",declare var x int; declare var y bool;\nset-logic QF_UF\nset-logic LIA\nassert (x + 2*y = 4); check-sat
Satisfy the constraints of a finite automaton,Use QF_UF and QF_LIA rules to express the constraints of the automaton,solve '(set-logic QF_UF)\n(declare-const X : bool)\nassert (X = true);\ncheck-sat
Satisfy the following linear equations using QF_UF and QF_LIA rules,Use simple integer constraints to represent the relationships between variables.,#include <smt2.h>\n\ndeclare-const x : int;\ndeclare-const y : bool;\ndeclare-const z : int;\nassert (x = 3)\ncheck-sat
Satisfy the following constraint using QF_UF and QF_LIA,Use simple integer constraints and   newlines to separate logical statements,"set-logic QF_UF;\n\nset-logic QF_LIA;\n\ndeclare-const x : real;\nassert (x = 2);,\n(x > 1) || (x < 3);\ncheck-sat;"
Scheduling Problem,Using QF_UF and QF_LIA rules to derive a valid scheduling plan from a set of constraints.,\s*(set-logic QF_UF\s+|QF_LIA)\s*\(declare-const\s+...\s+|assert\s+)\s*\(check-sat\s*)\s*\{(\w+):\s*(int|bool)\s*\}\
Scheduling Problem,Use QF_UF and QF_LIA to ensure valid solutions exist.,\n\n(\n  \n    (set-logic QF_UF)\n  \n    (declare-const \n      clocked boolean in [0..10])\n  \n    (assert (forall (x : [0..9])) (clocked x))\n  \n    (check-sat)\n)
